-- phpMyAdmin SQL Dump
-- version 5.2.0
-- https://www.phpmyadmin.net/
--
-- Host: 127.0.0.1
-- Generation Time: Jan 26, 2023 at 07:31 AM
-- Server version: 10.4.24-MariaDB
-- PHP Version: 8.1.6

SET SQL_MODE = "NO_AUTO_VALUE_ON_ZERO";
START TRANSACTION;
SET time_zone = "+00:00";


/*!40101 SET @OLD_CHARACTER_SET_CLIENT=@@CHARACTER_SET_CLIENT */;
/*!40101 SET @OLD_CHARACTER_SET_RESULTS=@@CHARACTER_SET_RESULTS */;
/*!40101 SET @OLD_COLLATION_CONNECTION=@@COLLATION_CONNECTION */;
/*!40101 SET NAMES utf8mb4 */;

--
-- Database: `school_ctpfsd`
--

-- --------------------------------------------------------

--
-- Table structure for table `admissions`
--

CREATE TABLE `admissions` (
  `id` int(11) NOT NULL,
  `registration` varchar(200) NOT NULL,
  `pickndrop` smallint(6) NOT NULL,
  `idstudent` int(11) NOT NULL,
  `idcourse` tinyint(4) NOT NULL,
  `idvoucher` int(11) NOT NULL,
  `idfee_payment` int(11) NOT NULL,
  `idschool` tinyint(4) NOT NULL,
  `iduser` int(11) NOT NULL,
  `created_at` datetime NOT NULL DEFAULT current_timestamp(),
  `updated_at` datetime DEFAULT current_timestamp()
) ENGINE=InnoDB DEFAULT CHARSET=utf8mb4;

-- --------------------------------------------------------

--
-- Table structure for table `banks`
--

CREATE TABLE `banks` (
  `id` int(11) NOT NULL,
  `name` varchar(50) NOT NULL,
  `idschool` int(11) NOT NULL,
  `created_at` datetime NOT NULL DEFAULT current_timestamp(),
  `updated_at` datetime DEFAULT NULL ON UPDATE current_timestamp()
) ENGINE=InnoDB DEFAULT CHARSET=utf8mb4;

--
-- Dumping data for table `banks`
--

INSERT INTO `banks` (`id`, `name`, `idschool`, `created_at`, `updated_at`) VALUES
(1, 'GC University Branch (Code:0308)', 1, '2023-01-19 14:52:01', '2023-01-20 14:30:58'),
(2, 'Ghulam Muhammadabad Branch (Code:0124)', 1, '2023-01-19 14:52:01', '2023-01-20 14:31:25'),
(3, 'Madina Town Branch (Code:0053)', 1, '2023-01-19 14:52:01', '2023-01-20 14:31:44'),
(4, 'Samanabad Branch (Code:0156)', 1, '2023-01-19 14:52:01', '2023-01-20 14:32:09'),
(5, 'D-Ground Branch (Code:0010)', 1, '2023-01-19 14:52:01', '2023-01-20 14:32:28'),
(6, 'Canal Road Branch (Code:0534)', 1, '2023-01-19 14:52:01', '2023-01-20 14:32:42'),
(7, 'Chak Jhumra Branch (Code:0133)', 1, '2023-01-19 14:52:01', '2023-01-20 14:32:59'),
(8, 'Jaranwala Branch (Code:0169)', 1, '2023-01-19 14:52:01', '2023-01-20 14:33:10'),
(9, 'Adda Dijkot Branch (Code:0599)', 1, '2023-01-19 14:52:01', '2023-01-20 14:33:27');

-- --------------------------------------------------------

--
-- Table structure for table `blood`
--

CREATE TABLE `blood` (
  `id` int(11) NOT NULL,
  `name` varchar(10) NOT NULL,
  `created_at` datetime NOT NULL DEFAULT current_timestamp(),
  `updated_at` datetime DEFAULT NULL ON UPDATE current_timestamp()
) ENGINE=InnoDB DEFAULT CHARSET=utf8mb4;

--
-- Dumping data for table `blood`
--

INSERT INTO `blood` (`id`, `name`, `created_at`, `updated_at`) VALUES
(1, 'A+', '2022-12-30 11:58:55', '2022-12-30 11:59:33'),
(2, 'AB+', '2022-12-30 12:01:31', NULL),
(3, 'B+', '2022-12-30 12:01:31', NULL),
(4, 'O+', '2022-12-30 12:01:31', NULL),
(5, 'A-', '2022-12-30 12:01:31', NULL),
(6, 'AB-', '2022-12-30 12:01:31', NULL),
(7, 'B-', '2022-12-30 12:01:31', NULL),
(8, 'O-', '2022-12-30 12:01:31', NULL);

-- --------------------------------------------------------

--
-- Table structure for table `courses`
--

CREATE TABLE `courses` (
  `id` int(11) NOT NULL,
  `coursename` varchar(200) NOT NULL,
  `fee` int(200) NOT NULL
) ENGINE=InnoDB DEFAULT CHARSET=utf8mb4;

--
-- Dumping data for table `courses`
--

INSERT INTO `courses` (`id`, `coursename`, `fee`) VALUES
(1, 'Bike2Weeks', 1600),
(2, 'Car (2 weeks)', 3000),
(3, 'Car (4 weeks)', 6000),
(4, 'LTV (4 weeks)', 6000);

-- --------------------------------------------------------

--
-- Table structure for table `expense`
--

CREATE TABLE `expense` (
  `id` int(11) NOT NULL,
  `year` date NOT NULL,
  `january` int(200) NOT NULL,
  `february` int(200) NOT NULL,
  `march` int(200) NOT NULL,
  `april` int(200) NOT NULL,
  `may` int(200) NOT NULL,
  `june` int(200) NOT NULL,
  `july` int(200) NOT NULL,
  `augast` int(200) NOT NULL,
  `september` int(200) NOT NULL,
  `november` int(200) NOT NULL,
  `december` int(200) NOT NULL
) ENGINE=InnoDB DEFAULT CHARSET=utf8mb4;

-- --------------------------------------------------------

--
-- Table structure for table `expenses`
--

CREATE TABLE `expenses` (
  `id` int(11) NOT NULL,
  `idexpensetype` int(200) NOT NULL,
  `amount` int(200) NOT NULL,
  `description` varchar(500) NOT NULL,
  `idschool` int(200) NOT NULL,
  `idusers` int(200) NOT NULL,
  `date` date NOT NULL DEFAULT current_timestamp(),
  `created_at` datetime NOT NULL DEFAULT current_timestamp(),
  `updated_at` datetime DEFAULT NULL ON UPDATE current_timestamp()
) ENGINE=InnoDB DEFAULT CHARSET=utf8mb4;

-- --------------------------------------------------------

--
-- Table structure for table `expensetypes`
--

CREATE TABLE `expensetypes` (
  `id` int(11) NOT NULL,
  `type` varchar(200) NOT NULL
) ENGINE=InnoDB DEFAULT CHARSET=utf8mb4;

--
-- Dumping data for table `expensetypes`
--

INSERT INTO `expensetypes` (`id`, `type`) VALUES
(1, 'Petrol'),
(2, 'Maintenance'),
(3, 'Salary'),
(4, 'Rent'),
(5, 'Miscellaneous'),
(6, 'Welfare');

-- --------------------------------------------------------

--
-- Table structure for table `fee`
--

CREATE TABLE `fee` (
  `id` int(200) NOT NULL,
  `idadmission` int(200) NOT NULL,
  `coursefee` int(200) NOT NULL,
  `misc` int(200) NOT NULL,
  `discount` int(200) NOT NULL,
  `totalpayable` int(200) NOT NULL,
  `received` int(200) NOT NULL
) ENGINE=InnoDB DEFAULT CHARSET=utf8mb4;

--
-- Dumping data for table `fee`
--

INSERT INTO `fee` (`id`, `idadmission`, `coursefee`, `misc`, `discount`, `totalpayable`, `received`) VALUES
(1, 208, 3000, 200, 0, 3200, 3200),
(2, 209, 3000, 200, 0, 3200, 3200),
(3, 210, 3000, 200, 0, 3200, 3200),
(4, 211, 3000, 200, 0, 3200, 3200),
(5, 212, 3000, 200, 0, 3200, 3200),
(6, 213, 3000, 200, 0, 3200, 3200),
(7, 214, 3000, 200, 0, 3200, 3200),
(8, 215, 3000, 200, 0, 3200, 3200),
(9, 216, 3000, 200, 0, 3200, 3200),
(10, 217, 3000, 200, 0, 3200, 3200),
(11, 218, 3000, 200, 0, 3200, 3200),
(12, 219, 3000, 200, 0, 3200, 3200),
(13, 220, 3000, 200, 0, 3200, 3200),
(14, 221, 3000, 200, 0, 3200, 3200),
(15, 222, 3000, 200, 0, 3200, 3200),
(16, 223, 3000, 200, 0, 3200, 3200),
(17, 224, 3000, 200, 0, 3200, 3200),
(18, 225, 3000, 200, 0, 3200, 3200),
(19, 226, 3000, 200, 0, 3200, 3200),
(20, 227, 3000, 200, 0, 3200, 3200),
(21, 228, 3000, 200, 0, 3200, 3200),
(22, 229, 3000, 200, 0, 3200, 3200),
(23, 230, 3000, 200, 0, 3200, 3200),
(24, 231, 3000, 200, 0, 3200, 3200),
(25, 232, 3000, 200, 0, 3200, 3200),
(26, 233, 3000, 200, 0, 3200, 3200),
(27, 234, 3000, 200, 0, 3200, 3200),
(28, 235, 3000, 200, 0, 3200, 3200),
(29, 236, 3000, 200, 0, 3200, 3200),
(30, 237, 3000, 200, 0, 3200, 3200),
(31, 238, 3000, 200, 0, 3200, 3200),
(32, 239, 3000, 200, 0, 3200, 3200),
(33, 240, 3000, 200, 0, 3200, 3200),
(34, 241, 3000, 200, 0, 3200, 3200),
(35, 242, 3000, 200, 0, 3200, 3200),
(36, 243, 3000, 200, 0, 3200, 3200),
(37, 244, 3000, 200, 0, 3200, 3200),
(38, 245, 3000, 200, 0, 3200, 3200),
(39, 246, 3000, 200, 0, 3200, 3200),
(40, 247, 3000, 200, 0, 3200, 3200),
(41, 248, 3000, 200, 0, 3200, 3200),
(42, 249, 3000, 200, 0, 3200, 3200),
(43, 250, 3000, 200, 0, 3200, 3200),
(44, 251, 3000, 200, 0, 3200, 3200),
(45, 252, 3000, 200, 0, 3200, 3200),
(46, 253, 3000, 200, 0, 3200, 3200),
(47, 254, 3000, 200, 0, 3200, 3200),
(48, 255, 3000, 200, 0, 3200, 3200),
(49, 256, 3000, 0, 0, 3000, 3200),
(50, 257, 3000, 0, 0, 3000, 3200),
(51, 258, 3000, 0, 0, 3000, 3200),
(52, 259, 3000, 0, 0, 3000, 3200),
(53, 260, 3000, 0, 0, 3000, 3200),
(54, 261, 3000, 0, 0, 3000, 3200),
(55, 262, 3000, 0, 0, 3000, 3200),
(56, 263, 3000, 0, 0, 3000, 3200),
(57, 264, 3000, 0, 0, 3000, 3200),
(58, 265, 3000, 0, 0, 3000, 3200),
(59, 266, 3000, 0, 0, 3000, 3200),
(60, 267, 3000, 0, 0, 3000, 3200),
(61, 268, 3000, 0, 0, 3000, 3200),
(62, 269, 3000, 0, 0, 3000, 3200),
(63, 270, 3000, 0, 0, 3000, 3200),
(64, 271, 3000, 0, 0, 3000, 3200),
(65, 272, 3000, 0, 0, 3000, 3200),
(66, 273, 3000, 0, 0, 3000, 3200),
(67, 274, 3000, 0, 0, 3000, 3200),
(68, 275, 3000, 0, 0, 3000, 3200),
(69, 276, 3000, 0, 0, 3000, 3200),
(70, 277, 3000, 0, 0, 3000, 3200),
(71, 278, 3000, 0, 0, 3000, 3200),
(72, 279, 3000, 0, 0, 3000, 3200),
(73, 280, 3000, 0, 0, 3000, 3200),
(74, 281, 3000, 0, 0, 3000, 3200),
(75, 282, 3000, 0, 0, 3000, 3200),
(76, 283, 3000, 0, 0, 3000, 3200),
(77, 284, 3000, 0, 0, 3000, 3200),
(78, 285, 3000, 0, 0, 3000, 3200),
(79, 286, 3000, 0, 0, 3000, 3200),
(80, 287, 3000, 0, 0, 3000, 3200),
(81, 288, 3000, 0, 0, 3000, 3200),
(82, 289, 3000, 0, 0, 3000, 3200),
(83, 290, 3000, 0, 0, 3000, 3200),
(84, 291, 3000, 0, 0, 3000, 3200),
(85, 292, 3000, 0, 0, 3000, 3200),
(86, 293, 3000, 0, 0, 3000, 3200),
(87, 294, 3000, 0, 0, 3000, 3200),
(88, 295, 3000, 0, 0, 3000, 3200),
(89, 296, 3000, 0, 0, 3000, 3200),
(90, 297, 3000, 0, 0, 3000, 3200),
(91, 298, 3000, 0, 0, 3000, 3200),
(92, 299, 3000, 0, 0, 3000, 3200),
(93, 300, 3000, 0, 0, 3000, 3200),
(94, 301, 3000, 0, 0, 3000, 3200),
(95, 302, 3000, 0, 0, 3000, 3200),
(96, 303, 3000, 0, 0, 3000, 3200),
(97, 304, 3000, 0, 0, 3000, 3200),
(98, 305, 3000, 0, 0, 3000, 3200),
(99, 306, 3000, 0, 0, 3000, 3200),
(100, 307, 3000, 0, 0, 3000, 3200),
(101, 308, 3000, 0, 0, 3000, 3200),
(102, 309, 3000, 0, 0, 3000, 3200),
(103, 310, 3000, 0, 0, 3000, 3200),
(104, 311, 3000, 0, 0, 3000, 3200),
(105, 312, 3000, 0, 0, 3000, 3200),
(106, 313, 3000, 0, 0, 3000, 3200),
(107, 314, 3000, 0, 0, 3000, 3200),
(108, 315, 3000, 0, 0, 3000, 3200),
(109, 316, 3000, 0, 0, 3000, 3200),
(110, 317, 3000, 0, 0, 3000, 3200),
(111, 318, 3000, 0, 0, 3000, 3200),
(112, 319, 3000, 0, 0, 3000, 3200),
(113, 320, 3000, 0, 0, 3000, 3200),
(114, 321, 3000, 0, 0, 3000, 3200),
(115, 322, 3000, 0, 0, 3000, 3200),
(116, 323, 3000, 0, 0, 3000, 3200),
(117, 324, 1500, 0, 0, 1500, 3200),
(118, 325, 3000, 0, 0, 3000, 3200),
(119, 326, 3000, 0, 0, 3000, 3200),
(120, 327, 3000, 0, 0, 3000, 3200),
(121, 328, 3000, 0, 0, 3000, 3200),
(122, 329, 3000, 0, 0, 3000, 3200),
(123, 330, 3000, 0, 0, 3000, 3200),
(124, 331, 3000, 0, 0, 3000, 3200),
(125, 332, 3000, 0, 0, 3000, 3200),
(126, 333, 3000, 0, 0, 3000, 3200),
(127, 334, 3000, 0, 0, 3000, 3200),
(128, 335, 3000, 0, 0, 3000, 3200),
(129, 336, 3000, 0, 0, 3000, 3200),
(130, 337, 3000, 0, 0, 3000, 3200),
(131, 338, 3000, 0, 0, 3000, 3200),
(132, 339, 3000, 0, 0, 3000, 3200),
(133, 340, 3000, 0, 0, 3000, 3200),
(134, 341, 3000, 0, 0, 3000, 3200),
(135, 342, 3000, 0, 0, 3000, 3200),
(136, 343, 3000, 0, 0, 3000, 3200),
(137, 344, 3000, 0, 0, 3000, 3200),
(138, 345, 3000, 0, 0, 3000, 3200),
(139, 346, 3000, 0, 0, 3000, 3200),
(140, 347, 3000, 0, 0, 3000, 3200),
(141, 348, 3000, 200, 0, 3200, 3200),
(142, 349, 3000, 200, 0, 3200, 3200),
(143, 350, 3000, 200, 0, 3200, 3200),
(144, 351, 3000, 0, 0, 3000, 3200),
(145, 352, 3000, 200, 0, 3200, 3200),
(146, 353, 3000, 0, 0, 3000, 3200),
(147, 354, 3000, 0, 0, 3000, 3200),
(148, 355, 3000, 0, 0, 3000, 3200),
(149, 356, 3000, 0, 0, 3000, 3200),
(150, 357, 3000, 0, 0, 3000, 3200),
(151, 358, 3000, 0, 0, 3000, 3200),
(152, 359, 3000, 0, 0, 3000, 3200),
(153, 360, 3000, 0, 0, 3000, 3200),
(154, 361, 3000, 0, 0, 3000, 3200),
(155, 362, 3000, 0, 0, 3000, 3200),
(156, 363, 3000, 0, 0, 3000, 3200),
(157, 364, 3000, 0, 0, 3000, 3200),
(158, 365, 3000, 0, 0, 3000, 3200),
(159, 366, 3000, 0, 0, 3000, 3200),
(160, 367, 3000, 0, 0, 3000, 3200),
(161, 368, 3000, 0, 0, 3000, 3200),
(162, 369, 3000, 0, 0, 3000, 3200),
(163, 370, 3000, 0, 0, 3000, 3200),
(164, 371, 3000, 0, 0, 3000, 3200),
(165, 372, 3000, 0, 0, 3000, 3200),
(166, 373, 3000, 0, 0, 3000, 3200),
(167, 374, 3000, 0, 0, 3000, 3200),
(168, 375, 3000, 0, 0, 3000, 3200),
(169, 376, 3000, 0, 0, 3000, 3200),
(170, 377, 3000, 0, 0, 3000, 3200),
(171, 378, 3000, 0, 0, 3000, 3200),
(172, 379, 3000, 0, 0, 3000, 3200),
(173, 380, 3000, 0, 0, 3000, 3200),
(174, 381, 3000, 0, 0, 3000, 3200),
(175, 382, 3000, 0, 0, 3000, 3200),
(176, 383, 3000, 0, 0, 3000, 3200),
(177, 384, 3000, 0, 0, 3000, 3200),
(178, 385, 3000, 0, 0, 3000, 3200),
(179, 386, 3000, 0, 0, 3000, 3200),
(180, 387, 3000, 0, 0, 3000, 3200),
(181, 388, 3000, 0, 0, 3000, 3200),
(182, 389, 3000, 0, 0, 3000, 3200),
(183, 390, 3000, 0, 0, 3000, 3200),
(184, 391, 3000, 0, 0, 3000, 3200),
(185, 392, 3000, 0, 0, 3000, 3200),
(186, 393, 3000, 0, 0, 3000, 3200),
(187, 394, 3000, 0, 0, 3000, 3200),
(188, 395, 3000, 0, 0, 3000, 3200),
(189, 396, 3000, 0, 0, 3000, 3200),
(190, 397, 3000, 0, 0, 3000, 3200),
(191, 398, 3000, 0, 0, 3000, 3200),
(192, 399, 3000, 0, 0, 3000, 3200),
(193, 400, 3000, 0, 0, 3000, 3200),
(194, 401, 3000, 0, 0, 3000, 3200),
(195, 402, 3000, 0, 0, 3000, 3200),
(196, 403, 3000, 0, 0, 3000, 3200),
(197, 404, 3000, 0, 0, 3000, 3200),
(198, 405, 3000, 0, 0, 3000, 3200),
(199, 406, 3000, 0, 0, 3000, 3200),
(200, 407, 3000, 0, 0, 3000, 3200),
(201, 408, 3000, 0, 0, 3000, 3200),
(202, 409, 3000, 0, 0, 3000, 3200),
(203, 410, 3000, 0, 0, 3000, 3200),
(204, 411, 3000, 0, 0, 3000, 3200),
(205, 412, 3000, 0, 0, 3000, 3200),
(206, 413, 3000, 0, 0, 3000, 3200),
(207, 414, 3000, 0, 0, 3000, 3200),
(208, 415, 3000, 0, 0, 3000, 3200),
(209, 416, 3000, 0, 0, 3000, 3200),
(210, 417, 3000, 0, 0, 3000, 3200),
(211, 418, 3000, 0, 0, 3000, 3200),
(212, 419, 3000, 0, 0, 3000, 3200),
(213, 420, 3000, 0, 0, 3000, 3200),
(214, 421, 3000, 0, 0, 3000, 3200),
(215, 422, 3000, 0, 0, 3000, 3200),
(216, 423, 3000, 0, 0, 3000, 3200),
(217, 424, 3000, 0, 0, 3000, 3200),
(218, 425, 3000, 0, 0, 3000, 3200),
(219, 426, 3000, 0, 0, 3000, 3200),
(220, 427, 3000, 0, 0, 3000, 3200),
(221, 428, 1500, 0, 0, 1500, 3200),
(222, 429, 3000, 0, 0, 3000, 3200),
(223, 430, 3000, 0, 0, 3000, 3200),
(224, 431, 3000, 0, 0, 3000, 3200),
(225, 432, 3000, 0, 0, 3000, 3200),
(226, 433, 3000, 0, 0, 3000, 3200),
(227, 434, 3000, 0, 0, 3000, 3200),
(228, 435, 3000, 200, 0, 3200, 3200),
(229, 436, 3000, 200, 0, 3200, 3200),
(230, 437, 3000, 200, 0, 3200, 3200),
(231, 438, 3000, 200, 0, 3200, 3200),
(232, 439, 3000, 200, 0, 3200, 3200),
(233, 440, 3000, 200, 0, 3200, 3200),
(234, 441, 3000, 200, 0, 3200, 3200),
(235, 442, 3000, 200, 0, 3200, 3200),
(236, 443, 3000, 200, 0, 3200, 3200),
(237, 444, 3000, 200, 0, 3200, 3200),
(238, 445, 3000, 200, 0, 3200, 3200),
(239, 446, 3000, 200, 0, 3200, 3200),
(240, 447, 3000, 200, 0, 3200, 3200),
(241, 448, 3000, 200, 0, 3200, 3200),
(242, 449, 3000, 200, 0, 3200, 3200),
(243, 450, 3000, 200, 0, 3200, 3200),
(244, 451, 3000, 200, 0, 3200, 3200),
(245, 452, 3000, 200, 0, 3200, 3200),
(246, 453, 3000, 200, 0, 3200, 3200),
(247, 454, 3000, 200, 0, 3200, 3200),
(248, 455, 3000, 200, 0, 3200, 3200),
(249, 456, 3000, 0, 0, 3000, 3200),
(250, 457, 3000, 0, 0, 3000, 3200),
(251, 458, 3000, 0, 0, 3000, 3200),
(252, 459, 3000, 0, 0, 3000, 3200),
(253, 460, 3000, 0, 0, 3000, 3200),
(254, 461, 3000, 0, 0, 3000, 3200),
(255, 462, 3000, 0, 0, 3000, 3200),
(256, 463, 3000, 0, 0, 3000, 3200),
(257, 464, 3000, 0, 0, 3000, 3200),
(258, 465, 3000, 0, 0, 3000, 3200),
(259, 466, 3000, 0, 0, 3000, 3200),
(260, 467, 3000, 0, 0, 3000, 3200),
(261, 468, 3000, 0, 0, 3000, 3200),
(262, 469, 3000, 0, 0, 3000, 3200),
(263, 470, 3000, 0, 0, 3000, 3200),
(264, 471, 3000, 0, 0, 3000, 3200),
(265, 472, 3000, 0, 0, 3000, 3200),
(266, 473, 3000, 0, 0, 3000, 3200),
(267, 474, 3000, 0, 0, 3000, 3200),
(268, 475, 3000, 0, 0, 3000, 3200),
(269, 476, 3000, 0, 0, 3000, 3200),
(270, 477, 3000, 0, 0, 3000, 3200),
(271, 478, 3000, 0, 0, 3000, 3200),
(272, 479, 3000, 0, 0, 3000, 3200),
(273, 480, 3000, 0, 0, 3000, 3200),
(274, 481, 3000, 0, 0, 3000, 3200),
(275, 482, 3000, 0, 0, 3000, 3200),
(276, 483, 3000, 0, 0, 3000, 3200),
(277, 484, 3000, 0, 0, 3000, 3200),
(278, 485, 3000, 0, 0, 3000, 3200),
(279, 486, 3000, 0, 0, 3000, 3200),
(280, 487, 3000, 0, 0, 3000, 3200),
(281, 488, 3000, 0, 0, 3000, 3200),
(282, 489, 3000, 0, 0, 3000, 3200),
(283, 490, 3000, 0, 0, 3000, 3200),
(284, 491, 3000, 0, 0, 3000, 3200),
(285, 492, 3000, 0, 0, 3000, 3200),
(286, 493, 3000, 0, 0, 3000, 3200),
(287, 494, 3000, 0, 0, 3000, 3200),
(288, 495, 3000, 0, 0, 3000, 3200),
(289, 496, 3000, 0, 0, 3000, 3200),
(290, 497, 3000, 0, 0, 3000, 3200),
(291, 498, 3000, 0, 0, 3000, 3200),
(292, 499, 3000, 0, 0, 3000, 3200),
(293, 500, 3000, 0, 0, 3000, 3200),
(294, 501, 3000, 0, 0, 3000, 3200),
(295, 502, 3000, 0, 0, 3000, 3200),
(296, 503, 3000, 0, 0, 3000, 3200),
(297, 504, 3000, 0, 0, 3000, 3200),
(298, 505, 3000, 0, 0, 3000, 3200),
(299, 506, 3000, 0, 0, 3000, 3200),
(300, 507, 3000, 0, 0, 3000, 3200),
(301, 508, 1500, 0, 0, 1500, 3200),
(302, 509, 3000, 0, 0, 3000, 3200),
(303, 510, 3000, 0, 0, 3000, 3200),
(304, 511, 3000, 0, 0, 3000, 3200),
(305, 512, 3000, 0, 0, 3000, 3200),
(306, 513, 3000, 0, 0, 3000, 3200),
(307, 514, 3000, 0, 0, 3000, 3200),
(308, 515, 3000, 0, 0, 3000, 3200),
(309, 516, 3000, 0, 0, 3000, 3200),
(310, 517, 1500, 0, 0, 1500, 3200),
(311, 518, 3000, 0, 0, 3000, 3200),
(312, 519, 3000, 0, 0, 3000, 3200),
(313, 520, 3000, 0, 0, 3000, 3200),
(314, 521, 3000, 0, 0, 3000, 3200),
(315, 522, 3000, 0, 0, 3000, 3200),
(316, 523, 3000, 0, 0, 3000, 3200),
(317, 524, 3000, 0, 0, 3000, 3200),
(318, 525, 3000, 0, 0, 3000, 3200),
(319, 526, 3000, 0, 0, 3000, 3200),
(320, 527, 3000, 0, 0, 3000, 3200),
(321, 528, 3000, 0, 0, 3000, 3200),
(322, 529, 3000, 0, 0, 3000, 3200),
(323, 530, 3000, 0, 0, 3000, 3200),
(324, 531, 3000, 0, 0, 3000, 3200),
(325, 532, 3000, 0, 0, 3000, 3200),
(326, 533, 3000, 0, 0, 3000, 3200),
(327, 534, 3000, 0, 0, 3000, 3200),
(328, 535, 3000, 0, 0, 3000, 3200),
(329, 536, 3000, 0, 0, 3000, 3200),
(330, 537, 3000, 0, 0, 3000, 3200),
(331, 538, 3000, 0, 0, 3000, 3200),
(332, 539, 3000, 0, 0, 3000, 3200),
(333, 540, 3000, 0, 0, 3000, 3200),
(334, 541, 3000, 0, 0, 3000, 3200),
(335, 542, 3000, 0, 0, 3000, 3200),
(336, 543, 3000, 0, 0, 3000, 3200),
(337, 544, 3000, 0, 0, 3000, 3200),
(338, 545, 3000, 0, 0, 3000, 3200),
(339, 546, 3000, 0, 0, 3000, 3200),
(340, 547, 3000, 0, 0, 3000, 3200),
(341, 548, 3000, 0, 0, 3000, 3200),
(342, 549, 3000, 0, 0, 3000, 3200),
(343, 550, 3000, 0, 0, 3000, 3200),
(344, 551, 3000, 0, 0, 3000, 3200),
(345, 552, 3000, 0, 0, 3000, 3200),
(346, 553, 3000, 0, 0, 3000, 3200),
(347, 554, 3000, 0, 0, 3000, 3200),
(348, 555, 3000, 0, 0, 3000, 3200),
(349, 556, 3000, 0, 0, 3000, 3200),
(350, 557, 3000, 0, 0, 3000, 3200),
(351, 558, 3000, 0, 0, 3000, 3200),
(352, 559, 3000, 0, 0, 3000, 3200),
(353, 560, 3000, 0, 0, 3000, 3200),
(354, 561, 3000, 0, 0, 3000, 3200),
(355, 562, 3000, 0, 0, 3000, 3200),
(356, 563, 3000, 0, 0, 3000, 3200),
(357, 564, 3000, 0, 0, 3000, 3200),
(358, 565, 3000, 0, 0, 3000, 3200),
(359, 566, 3000, 0, 0, 3000, 3200),
(360, 567, 3000, 0, 0, 3000, 3200),
(361, 568, 3000, 0, 0, 3000, 3200),
(362, 569, 3000, 0, 0, 3000, 3200),
(363, 570, 3000, 0, 0, 3000, 3200),
(364, 571, 3000, 0, 0, 3000, 3200),
(365, 572, 3000, 0, 0, 3000, 3200),
(366, 573, 3000, 0, 0, 3000, 3200),
(367, 574, 3000, 0, 0, 3000, 3200),
(368, 575, 3000, 0, 0, 3000, 3200),
(369, 576, 3000, 0, 0, 3000, 3200),
(370, 577, 3000, 0, 0, 3000, 3200),
(371, 578, 3000, 0, 0, 3000, 3200),
(372, 579, 3000, 0, 0, 3000, 3200),
(373, 580, 3000, 0, 0, 3000, 3200),
(374, 581, 3000, 0, 0, 3000, 3200),
(375, 582, 3000, 0, 0, 3000, 3200),
(376, 583, 3000, 0, 0, 3000, 3200),
(377, 584, 3000, 0, 0, 3000, 3200),
(378, 585, 3000, 0, 0, 3000, 3200),
(379, 586, 3000, 0, 0, 3000, 3200),
(380, 587, 3000, 0, 0, 3000, 3200),
(381, 588, 3000, 0, 0, 3000, 3200),
(382, 589, 3000, 0, 0, 3000, 3200),
(383, 590, 3000, 0, 0, 3000, 3200),
(384, 591, 3000, 0, 0, 3000, 3200),
(385, 592, 3000, 0, 0, 3000, 3200),
(386, 593, 3000, 0, 0, 3000, 3200),
(387, 594, 3000, 0, 0, 3000, 3200),
(388, 595, 3000, 0, 0, 3000, 3200),
(389, 596, 1500, 0, 0, 1500, 3200),
(390, 597, 3000, 0, 0, 3000, 3200),
(391, 598, 3000, 0, 0, 3000, 3200),
(392, 599, 3000, 0, 0, 3000, 3200),
(393, 600, 3000, 0, 0, 3000, 3200),
(394, 601, 3000, 0, 0, 3000, 3200),
(395, 602, 3000, 0, 0, 3000, 3200),
(396, 603, 3000, 0, 0, 3000, 3200),
(397, 604, 3000, 0, 0, 3000, 3200),
(398, 605, 3000, 0, 0, 3000, 3200),
(399, 606, 3000, 0, 0, 3000, 3200),
(400, 607, 3000, 0, 0, 3000, 3200),
(401, 608, 3000, 0, 0, 3000, 3200),
(402, 609, 3000, 0, 0, 3000, 3200),
(403, 610, 3000, 0, 0, 3000, 3200),
(404, 611, 3000, 0, 0, 3000, 3200),
(405, 612, 3000, 0, 0, 3000, 3200),
(406, 613, 3000, 0, 0, 3000, 3200),
(407, 614, 3000, 0, 0, 3000, 3200),
(408, 615, 3000, 0, 0, 3000, 3200),
(409, 616, 3000, 0, 0, 3000, 3200),
(410, 617, 3000, 0, 0, 3000, 3200),
(411, 618, 3000, 0, 0, 3000, 3200),
(412, 619, 3000, 0, 0, 3000, 3200),
(413, 620, 3000, 0, 0, 3000, 3200),
(414, 621, 3000, 0, 0, 3000, 3200),
(415, 622, 3000, 0, 0, 3000, 3200),
(416, 623, 3000, 0, 0, 3000, 3200),
(417, 624, 3000, 0, 0, 3000, 3200),
(418, 625, 3000, 0, 0, 3000, 3200),
(419, 626, 3000, 0, 0, 3000, 3200),
(420, 627, 3000, 0, 0, 3000, 3200),
(421, 628, 3000, 0, 0, 3000, 3200),
(422, 629, 3000, 0, 0, 3000, 3200),
(423, 630, 3000, 0, 0, 3000, 3200),
(424, 631, 3000, 0, 0, 3000, 3200),
(425, 632, 3000, 0, 0, 3000, 3200),
(426, 633, 3000, 0, 0, 3000, 3200),
(427, 634, 3000, 0, 0, 3000, 3200),
(428, 635, 3000, 0, 0, 3000, 3200),
(429, 636, 3000, 0, 0, 3000, 3200),
(430, 637, 3000, 0, 0, 3000, 3200),
(431, 638, 3000, 0, 0, 3000, 3200),
(432, 639, 3000, 0, 0, 3000, 3200),
(433, 640, 3000, 0, 0, 3000, 3200),
(434, 641, 3000, 0, 0, 3000, 3200),
(435, 642, 3000, 0, 0, 3000, 3200),
(436, 643, 3000, 0, 0, 3000, 3200),
(437, 644, 3000, 0, 0, 3000, 3200),
(438, 645, 3000, 0, 0, 3000, 3200),
(439, 646, 3000, 0, 0, 3000, 3200),
(440, 647, 3000, 0, 0, 3000, 3200),
(441, 648, 3000, 0, 0, 3000, 3200),
(442, 649, 3000, 0, 0, 3000, 3200),
(443, 650, 3000, 0, 0, 3000, 3200),
(444, 651, 3000, 0, 0, 3000, 3200),
(445, 652, 3000, 0, 0, 3000, 3200),
(446, 653, 3000, 0, 0, 3000, 3200),
(447, 654, 3000, 0, 0, 3000, 3200),
(448, 655, 3000, 0, 0, 3000, 3200),
(449, 656, 3000, 0, 0, 3000, 3200),
(450, 657, 3000, 0, 0, 3000, 3200),
(451, 658, 3000, 0, 0, 3000, 3200),
(452, 659, 3000, 0, 0, 3000, 3200),
(453, 660, 3000, 0, 0, 3000, 3200),
(454, 661, 3000, 0, 0, 3000, 4200),
(455, 662, 3000, 0, 0, 3000, 3200),
(456, 663, 3000, 0, 0, 3000, 3200),
(457, 664, 3000, 0, 0, 3000, 3200),
(458, 665, 3000, 0, 0, 3000, 3200),
(459, 666, 3000, 0, 0, 3000, 3200),
(460, 667, 3000, 0, 0, 3000, 3200),
(461, 668, 3000, 0, 0, 3000, 3200),
(462, 669, 3000, 0, 0, 3000, 3200),
(463, 670, 3000, 0, 0, 3000, 3200),
(464, 671, 3000, 0, 0, 3000, 3200),
(465, 672, 3000, 0, 0, 3000, 3200),
(466, 673, 3000, 0, 0, 3000, 3200),
(467, 674, 3000, 0, 0, 3000, 3200),
(468, 675, 3000, 0, 0, 3000, 3200),
(469, 676, 3000, 0, 0, 3000, 3200),
(470, 677, 3000, 0, 0, 3000, 3200),
(471, 678, 3000, 0, 0, 3000, 3200),
(472, 679, 3000, 0, 0, 3000, 3200),
(473, 680, 3000, 0, 0, 3000, 3200),
(474, 681, 3000, 0, 0, 3000, 3200),
(475, 682, 3000, 0, 0, 3000, 3200),
(476, 683, 3000, 0, 0, 3000, 3200),
(477, 684, 3000, 0, 0, 3000, 3200),
(478, 685, 3000, 0, 0, 3000, 3200),
(479, 686, 3000, 0, 0, 3000, 3200),
(480, 687, 3000, 0, 0, 3000, 3200),
(481, 688, 3000, 0, 0, 3000, 3200),
(482, 689, 3000, 0, 0, 3000, 3200),
(483, 690, 3000, 0, 0, 3000, 3200),
(484, 691, 3000, 0, 0, 3000, 3200),
(485, 692, 3000, 0, 0, 3000, 3200),
(486, 693, 3000, 0, 0, 3000, 3200),
(487, 694, 3000, 0, 0, 3000, 3200),
(488, 695, 3000, 0, 0, 3000, 3200),
(489, 696, 3000, 0, 0, 3000, 3200),
(490, 697, 3000, 0, 0, 3000, 3200),
(491, 698, 3000, 0, 0, 3000, 3200),
(492, 699, 3000, 0, 0, 3000, 3200),
(493, 700, 3000, 0, 0, 3000, 3200),
(494, 701, 3000, 0, 0, 3000, 3200),
(495, 702, 3000, 0, 0, 3000, 3200),
(496, 703, 3000, 0, 0, 3000, 3200),
(497, 704, 3000, 0, 0, 3000, 3200),
(498, 705, 3000, 0, 0, 3000, 3200),
(499, 706, 3000, 0, 0, 3000, 3200),
(500, 707, 3000, 0, 0, 3000, 3200),
(501, 708, 3000, 0, 0, 3000, 3200),
(502, 709, 3000, 0, 0, 3000, 3200),
(503, 710, 3000, 0, 0, 3000, 3200),
(504, 711, 3000, 0, 0, 3000, 3200),
(505, 712, 3000, 0, 0, 3000, 3200),
(506, 713, 3000, 0, 0, 3000, 3200),
(507, 714, 3000, 0, 0, 3000, 3200),
(508, 715, 3000, 0, 0, 3000, 3200),
(509, 716, 3000, 0, 0, 3000, 3200),
(510, 717, 3000, 0, 0, 3000, 3200),
(511, 718, 3000, 0, 0, 3000, 3200),
(512, 719, 3000, 0, 0, 3000, 3200),
(513, 720, 3000, 0, 0, 3000, 3200),
(514, 721, 1500, 0, 0, 1500, 3200),
(515, 722, 3000, 0, 0, 3000, 3200),
(516, 723, 3000, 0, 0, 3000, 3200),
(517, 724, 3000, 0, 0, 3000, 3200),
(518, 725, 3000, 0, 0, 3000, 3200),
(519, 726, 3000, 0, 0, 3000, 3200),
(520, 727, 3000, 0, 0, 3000, 3200),
(521, 728, 3000, 0, 0, 3000, 3200),
(522, 729, 3000, 0, 0, 3000, 3200),
(523, 730, 3000, 0, 0, 3000, 3200),
(524, 731, 3000, 0, 0, 3000, 3200),
(525, 732, 3000, 0, 0, 3000, 3200),
(526, 733, 3000, 0, 0, 3000, 3200),
(527, 734, 3000, 0, 0, 3000, 3200),
(528, 735, 3000, 0, 0, 3000, 3200),
(529, 736, 3000, 200, 0, 3200, 3200),
(530, 737, 3000, 200, 0, 3200, 3200),
(531, 738, 3000, 200, 0, 3200, 3200),
(532, 739, 3000, 200, 0, 3200, 3200),
(533, 740, 3000, 200, 0, 3200, 3200),
(534, 741, 3000, 200, 0, 3200, 3200),
(535, 742, 3000, 200, 0, 3200, 3200),
(536, 743, 3000, 200, 0, 3200, 3200),
(537, 744, 3000, 200, 0, 3200, 3200),
(538, 745, 3000, 200, 0, 3200, 3200),
(539, 746, 3000, 200, 0, 3200, 3200),
(540, 747, 3000, 200, 0, 3200, 3200),
(541, 748, 3000, 200, 0, 3200, 3200),
(542, 749, 3000, 200, 0, 3200, 3200),
(543, 750, 3000, 200, 0, 3200, 3200),
(544, 751, 3000, 200, 0, 3200, 3200),
(545, 752, 3000, 200, 0, 3200, 3200),
(546, 753, 3000, 200, 0, 3200, 3200),
(547, 754, 3000, 200, 0, 3200, 3200),
(548, 755, 3000, 200, 0, 3200, 3200),
(549, 756, 3000, 200, 0, 3200, 3200),
(550, 757, 3000, 200, 0, 4200, 4200),
(551, 758, 3000, 200, 0, 3200, 3200),
(552, 759, 3000, 200, 0, 3200, 3200),
(553, 760, 3000, 200, 0, 3200, 3200),
(554, 761, 3000, 200, 0, 3200, 3200),
(555, 762, 3000, 200, 0, 3200, 3200),
(556, 763, 3000, 200, 0, 3200, 3200),
(557, 764, 3000, 200, 0, 3200, 3200),
(558, 765, 3000, 200, 0, 3200, 3200),
(559, 766, 3000, 200, 0, 3200, 3200),
(560, 767, 3000, 200, 0, 3200, 3200),
(561, 768, 3000, 200, 0, 3200, 3200),
(562, 769, 3000, 200, 0, 3200, 3200),
(563, 770, 3000, 200, 0, 3200, 3200),
(564, 771, 3000, 200, 0, 3200, 3200),
(565, 772, 3000, 200, 0, 3200, 3200),
(566, 773, 3000, 200, 0, 3200, 3200),
(567, 774, 3000, 200, 0, 3200, 3200),
(568, 775, 3000, 200, 0, 3200, 3200),
(569, 776, 3000, 200, 0, 3200, 3200),
(570, 777, 3000, 200, 0, 3200, 3200),
(571, 778, 3000, 200, 0, 3200, 3200),
(572, 779, 3000, 200, 0, 3200, 3200),
(573, 780, 3000, 200, 0, 3200, 3200),
(574, 781, 3000, 200, 0, 3200, 3200),
(575, 782, 3000, 200, 0, 3200, 3200),
(576, 783, 3000, 200, 0, 3200, 3200),
(577, 784, 3000, 200, 0, 3200, 3200),
(578, 785, 3000, 200, 0, 3200, 3200),
(579, 786, 3000, 200, 0, 3200, 3200),
(580, 787, 3000, 200, 0, 3200, 3200),
(581, 788, 3000, 200, 0, 3200, 3200),
(582, 789, 3000, 200, 0, 3200, 3200),
(583, 790, 3000, 200, 0, 3200, 3200),
(584, 791, 3000, 200, 0, 3200, 3200),
(585, 792, 3000, 200, 0, 3200, 3200),
(586, 793, 3000, 200, 0, 3200, 3200),
(587, 794, 3000, 200, 0, 3200, 3200),
(588, 795, 3000, 200, 0, 3200, 3200),
(589, 796, 3000, 200, 0, 3200, 3200),
(590, 797, 3000, 200, 0, 3200, 3200),
(591, 798, 3000, 200, 0, 3200, 3200),
(592, 799, 3000, 200, 3200, 0, 0),
(593, 800, 3000, 200, 0, 3200, 3200),
(594, 801, 3000, 200, 0, 3200, 3200),
(595, 802, 3000, 200, 0, 3200, 3200),
(596, 803, 3000, 200, 0, 3200, 3200),
(597, 804, 3000, 200, 0, 3200, 3200),
(598, 805, 3000, 200, 0, 3200, 3200),
(599, 806, 3000, 200, 0, 3200, 3200),
(600, 807, 3000, 200, 0, 3200, 3200),
(601, 808, 3000, 200, 0, 3200, 3200),
(602, 809, 3000, 200, 0, 3200, 3200),
(603, 810, 3000, 200, 0, 3200, 3200),
(604, 811, 3000, 200, 0, 3200, 3200),
(605, 812, 3000, 200, 0, 3200, 3200),
(606, 813, 3000, 200, 0, 3200, 3200),
(607, 814, 3000, 200, 0, 4200, 4200),
(608, 815, 3000, 200, 0, 3200, 3200),
(609, 816, 3000, 200, 0, 3200, 3200),
(610, 817, 3000, 200, 0, 3200, 3200),
(611, 818, 3000, 200, 0, 3200, 3200),
(612, 819, 3000, 200, 0, 3200, 3200),
(613, 820, 3000, 200, 0, 3200, 3200),
(614, 821, 3000, 200, 0, 3200, 3200),
(615, 822, 3000, 200, 0, 3200, 3200),
(616, 823, 3000, 200, 0, 3200, 3200),
(617, 824, 3000, 200, 0, 3200, 3200),
(618, 825, 3000, 200, 0, 3200, 3200),
(619, 826, 3000, 200, 0, 4200, 4200),
(620, 827, 3000, 200, 0, 3200, 3200),
(621, 828, 3000, 200, 0, 3200, 3200),
(622, 829, 3000, 200, 0, 3200, 3200),
(623, 830, 3000, 200, 0, 3200, 3200),
(624, 831, 3000, 200, 0, 3200, 3200),
(625, 832, 3000, 200, 0, 3200, 3200),
(626, 833, 3000, 200, 0, 3200, 3200),
(627, 834, 3000, 200, 0, 3200, 3200),
(628, 835, 3000, 200, 0, 3200, 3200),
(629, 836, 3000, 200, 0, 3200, 3200),
(630, 837, 3000, 200, 0, 3200, 3200),
(631, 838, 3000, 200, 0, 3200, 3200),
(632, 839, 3000, 200, 0, 3200, 3200),
(633, 840, 1500, 200, 0, 2700, 2700),
(634, 841, 3000, 200, 0, 4200, 4200);

-- --------------------------------------------------------

--
-- Table structure for table `fee_payments`
--

CREATE TABLE `fee_payments` (
  `id` int(11) NOT NULL,
  `idvoucher` int(11) NOT NULL,
  `idstudent` int(11) NOT NULL,
  `idschool` tinyint(4) NOT NULL,
  `idbank` int(11) NOT NULL,
  `paid_date` date NOT NULL,
  `iduser` int(11) NOT NULL,
  `created_at` datetime NOT NULL DEFAULT current_timestamp(),
  `updated_at` datetime DEFAULT NULL ON UPDATE current_timestamp()
) ENGINE=InnoDB DEFAULT CHARSET=utf8mb4;

-- --------------------------------------------------------

--
-- Table structure for table `gender`
--

CREATE TABLE `gender` (
  `id` int(11) NOT NULL,
  `name` varchar(20) NOT NULL,
  `created_at` datetime NOT NULL DEFAULT current_timestamp(),
  `updated_at` datetime DEFAULT NULL ON UPDATE current_timestamp()
) ENGINE=InnoDB DEFAULT CHARSET=utf8mb4;

--
-- Dumping data for table `gender`
--

INSERT INTO `gender` (`id`, `name`, `created_at`, `updated_at`) VALUES
(1, 'Male', '2023-01-02 13:55:51', NULL),
(2, 'Female', '2023-01-02 13:56:05', NULL),
(3, 'Other', '2023-01-02 13:56:05', NULL);

-- --------------------------------------------------------

--
-- Table structure for table `income`
--

CREATE TABLE `income` (
  `id` int(11) NOT NULL,
  `year` date NOT NULL,
  `january` int(200) NOT NULL,
  `february` int(200) NOT NULL,
  `march` int(200) NOT NULL,
  `april` int(200) NOT NULL,
  `may` int(200) NOT NULL,
  `june` int(200) NOT NULL,
  `july` int(200) NOT NULL,
  `augast` int(200) NOT NULL,
  `september` int(200) NOT NULL,
  `november` int(200) NOT NULL,
  `december` int(200) NOT NULL
) ENGINE=InnoDB DEFAULT CHARSET=utf8mb4;

-- --------------------------------------------------------

--
-- Table structure for table `schools`
--

CREATE TABLE `schools` (
  `id` int(11) NOT NULL,
  `location` varchar(200) NOT NULL,
  `city` varchar(200) NOT NULL,
  `schoolcode` varchar(200) NOT NULL
) ENGINE=InnoDB DEFAULT CHARSET=utf8mb4;

--
-- Dumping data for table `schools`
--

INSERT INTO `schools` (`id`, `location`, `city`, `schoolcode`) VALUES
(1, 'CTPF', 'FSD', 'CTPF'),
(2, 'Peoples Colony', 'FSD', 'PC'),
(3, 'Samundri', 'FSD', 'SMND'),
(4, 'Jaranwala', 'FSD', 'JRNW'),
(5, 'Dijkot', 'FSD', 'DJKT'),
(6, 'Jhumra', 'FSD', 'JMRA'),
(10, 'GM Abad', 'FSD', 'GMABD');

-- --------------------------------------------------------

--
-- Table structure for table `staff`
--

CREATE TABLE `staff` (
  `id` int(11) NOT NULL,
  `idschool` int(200) NOT NULL,
  `fullname` varchar(200) NOT NULL,
  `rank` varchar(200) NOT NULL,
  `belt` varchar(200) NOT NULL,
  `phone` varchar(200) NOT NULL,
  `idtypestaff` int(200) NOT NULL,
  `date` date NOT NULL DEFAULT current_timestamp()
) ENGINE=InnoDB DEFAULT CHARSET=utf8mb4;

--
-- Dumping data for table `staff`
--

INSERT INTO `staff` (`id`, `idschool`, `fullname`, `rank`, `belt`, `phone`, `idtypestaff`, `date`) VALUES
(1, 1, 'Ali', 'Admin', '1', '3216611821', 1, '2021-07-17'),
(2, 2, 'Ali Nizami', 'DEO', '1', '03216611821', 11, '2023-01-24'),
(11, 2, 'Kaleemullah', 'TW', '716', '', 11, '2023-01-26'),
(12, 2, 'Amjad Haroon', 'TW', '193', '', 10, '2023-01-26');

-- --------------------------------------------------------

--
-- Table structure for table `students`
--

CREATE TABLE `students` (
  `id` int(11) NOT NULL,
  `fullname` varchar(200) DEFAULT NULL,
  `fathername` varchar(200) DEFAULT NULL,
  `dob` date DEFAULT NULL,
  `gender` tinyint(4) DEFAULT NULL,
  `cnic` bigint(20) DEFAULT NULL,
  `phone` varchar(13) DEFAULT NULL,
  `email` varchar(200) DEFAULT NULL,
  `address` varchar(300) DEFAULT NULL,
  `idblood` tinyint(4) DEFAULT NULL,
  `timegroup` varchar(50) DEFAULT NULL,
  `created_at` datetime NOT NULL DEFAULT current_timestamp(),
  `updated_at` datetime DEFAULT NULL ON UPDATE current_timestamp()
) ENGINE=InnoDB DEFAULT CHARSET=utf8mb4;

-- --------------------------------------------------------

--
-- Table structure for table `students_old`
--

CREATE TABLE `students_old` (
  `id` int(11) NOT NULL,
  `fullname` varchar(200) NOT NULL,
  `fathername` varchar(200) NOT NULL,
  `email` varchar(200) NOT NULL,
  `gender` tinyint(4) NOT NULL,
  `dob` date NOT NULL,
  `cnic` varchar(200) NOT NULL,
  `address` varchar(300) NOT NULL,
  `phone` varchar(200) NOT NULL,
  `pickndrop` varchar(200) NOT NULL,
  `idschool` int(200) NOT NULL,
  `idcourse` int(200) NOT NULL,
  `startdate` date NOT NULL,
  `enddate` date NOT NULL,
  `time` varchar(200) NOT NULL,
  `blood` varchar(200) NOT NULL,
  `idadmission` int(200) NOT NULL,
  `registration` varchar(100) DEFAULT NULL
) ENGINE=InnoDB DEFAULT CHARSET=utf8mb4;

-- --------------------------------------------------------

--
-- Table structure for table `typestaff`
--

CREATE TABLE `typestaff` (
  `id` int(11) NOT NULL,
  `name` varchar(200) NOT NULL
) ENGINE=InnoDB DEFAULT CHARSET=utf8mb4;

--
-- Dumping data for table `typestaff`
--

INSERT INTO `typestaff` (`id`, `name`) VALUES
(1, 'ADMINISTRATOR'),
(2, 'Data Entry Operator'),
(3, 'Mali'),
(4, 'Naib Qasid'),
(5, 'Instructor'),
(6, 'Instructor PVT'),
(7, 'Lady Instructor'),
(8, 'Lady Instructor PVT'),
(9, 'Machanic'),
(10, 'Incharge'),
(11, 'Admin');

-- --------------------------------------------------------

--
-- Table structure for table `userlog`
--

CREATE TABLE `userlog` (
  `id` int(200) NOT NULL,
  `idusers` int(200) NOT NULL,
  `session` varchar(200) NOT NULL,
  `timestamp` timestamp NOT NULL DEFAULT current_timestamp(),
  `action` varchar(100) NOT NULL
) ENGINE=InnoDB DEFAULT CHARSET=utf8mb4;

--
-- Dumping data for table `userlog`
--

INSERT INTO `userlog` (`id`, `idusers`, `session`, `timestamp`, `action`) VALUES
(1, 100, 'ld85kjbrvku95nnkqf65jtsmgd', '2021-09-09 08:02:37', 'logout'),
(2, 120, 'ltbvtpctj0qeuh3ef33ukddtat', '2021-09-09 08:04:11', 'login'),
(3, 120, 'ltbvtpctj0qeuh3ef33ukddtat', '2021-09-09 08:05:37', 'logout'),
(4, 120, 'ltbvtpctj0qeuh3ef33ukddtat', '2021-09-09 08:05:46', 'login'),
(5, 100, '3ojsfktk6h2okbpcq3ao6j7u65', '2021-09-09 09:33:40', 'login'),
(6, 100, '3ojsfktk6h2okbpcq3ao6j7u65', '2021-09-09 09:42:37', 'logout'),
(7, 122, 'apcct1h6hdiufiedh08r56j73a', '2021-09-10 07:21:52', 'login'),
(8, 122, 'apcct1h6hdiufiedh08r56j73a', '2021-09-10 07:33:15', 'login'),
(9, 122, '65mccgnhpktpt6mjo64rcqtgfi', '2021-09-10 07:35:17', 'login'),
(10, 122, 'f1vsj55b8eakrl5nar17eg8c06', '2021-09-10 07:37:47', 'login'),
(11, 122, '6u2n77j73rva8klba4djkcjogg', '2021-09-10 07:40:20', 'login'),
(12, 122, 'rtsu8dsjja5qkafua2oesgr043', '2021-09-10 07:50:35', 'login'),
(13, 122, 'rtsu8dsjja5qkafua2oesgr043', '2021-09-10 07:59:18', 'login'),
(14, 122, 'rtsu8dsjja5qkafua2oesgr043', '2021-09-10 08:04:24', 'login'),
(15, 122, 'rtsu8dsjja5qkafua2oesgr043', '2021-09-10 08:08:23', 'login'),
(16, 122, 'rtsu8dsjja5qkafua2oesgr043', '2021-09-10 08:22:23', 'login'),
(17, 122, 'rtsu8dsjja5qkafua2oesgr043', '2021-09-10 08:54:19', 'login'),
(18, 122, 'rtsu8dsjja5qkafua2oesgr043', '2021-09-10 08:55:25', 'login'),
(19, 122, 'rtsu8dsjja5qkafua2oesgr043', '2021-09-10 08:56:30', 'login'),
(20, 122, 'rtsu8dsjja5qkafua2oesgr043', '2021-09-10 08:57:53', 'login'),
(21, 122, 'rtsu8dsjja5qkafua2oesgr043', '2021-09-10 09:00:18', 'login'),
(22, 122, 'rtsu8dsjja5qkafua2oesgr043', '2021-09-10 09:01:40', 'login'),
(23, 122, 'rtsu8dsjja5qkafua2oesgr043', '2021-09-10 09:38:10', 'login'),
(24, 122, 'rtsu8dsjja5qkafua2oesgr043', '2021-09-10 09:41:21', 'login'),
(25, 122, 'chcfkof12jflprrnlio28ttiup', '2021-09-13 04:30:32', 'login'),
(26, 122, 'chcfkof12jflprrnlio28ttiup', '2021-09-13 04:32:12', 'login'),
(27, 122, 'o9chgtgr3frrdifm72jbpg0elk', '2021-09-13 06:53:24', 'login'),
(28, 122, 'pugfeh9f7ckn5tikn31gld032r', '2021-09-13 06:59:39', 'login'),
(29, 122, 'j8onklsjr5limv8d4oj77k3i2o', '2021-09-13 07:22:17', 'login'),
(30, 122, 'fam3ea3pmmr5lkpia7dlp5v2ng', '2021-09-13 08:15:11', 'login'),
(31, 122, '38ehodiep6punkvdq94fhvrm56', '2021-09-13 10:16:41', 'login'),
(32, 122, 'jbktm82qucbkv1hbell1eibgu3', '2021-09-14 04:12:19', 'login'),
(33, 122, '7m24btpqb5u8uhc2ilksk9vq48', '2021-09-14 04:15:59', 'login'),
(34, 122, 'aulv62mf7ptk1m5houl5tsilkl', '2021-09-14 04:46:51', 'login'),
(35, 122, 'gnq21hsvkbafi3dm6lp5ms16ti', '2021-09-14 04:54:39', 'login'),
(36, 122, 'gjntkqu8kck5bnfaeusqvcjoml', '2021-09-14 04:57:05', 'login'),
(37, 122, '6ggo0athaje686dntctmvbtf47', '2021-09-14 05:20:55', 'login'),
(38, 122, '2a6v7g51eip55sae33kicgnd95', '2021-09-14 05:28:10', 'login'),
(39, 122, '1e0vuokeholeseh74khbl2cm1j', '2021-09-15 04:32:41', 'login'),
(40, 122, '89ac01o1h83f3jrij21sgnftu1', '2021-09-16 04:53:16', 'login'),
(41, 122, '89ac01o1h83f3jrij21sgnftu1', '2021-09-16 04:53:17', 'login'),
(42, 122, 'emtqd9krkan7tgmmrh1t3jqf7a', '2021-09-17 07:24:41', 'login'),
(43, 122, 'va72ppqsfs1mpao8irnccn1j84', '2021-09-20 06:17:17', 'login'),
(44, 122, 'va72ppqsfs1mpao8irnccn1j84', '2021-09-20 06:17:18', 'login'),
(45, 122, 'va72ppqsfs1mpao8irnccn1j84', '2021-09-21 05:05:10', 'login'),
(46, 122, 'mrcd21d3sa2ehdvmvf4ucb5tqh', '2021-09-21 05:11:37', 'login'),
(47, 122, 'hvnknqb93lqqls379019bguud7', '2021-09-22 06:11:26', 'login'),
(48, 122, 'vk5mlij8k6rnc43j6l9uq56hs4', '2021-09-23 09:47:04', 'login'),
(49, 122, '07akcem3j38m3olgpqa1hb5sf8', '2021-09-24 07:44:32', 'login'),
(50, 122, '6ihlror3mokknp5e3pvifhg02c', '2021-09-25 06:26:25', 'login'),
(51, 122, '6ihlror3mokknp5e3pvifhg02c', '2021-09-25 06:27:19', 'login'),
(52, 122, '7f775ogcim43gciib8h058o52q', '2021-09-25 06:29:43', 'login'),
(53, 122, 'el8rgcsfs5bn35bc72tbrkiiu8', '2021-09-27 06:42:30', 'login'),
(54, 122, 'el8rgcsfs5bn35bc72tbrkiiu8', '2021-09-27 06:50:48', 'login'),
(55, 122, 'el8rgcsfs5bn35bc72tbrkiiu8', '2021-09-28 05:41:02', 'login'),
(56, 122, 'el8rgcsfs5bn35bc72tbrkiiu8', '2021-09-28 05:41:44', 'login'),
(57, 122, 'el8rgcsfs5bn35bc72tbrkiiu8', '2021-09-28 05:42:27', 'login'),
(58, 122, 'pjjb6p4c1a0otj2fsqnnc23536', '2021-09-29 07:04:33', 'login'),
(59, 122, 'ok7ddokvempub3uef9c8gsh9m2', '2021-09-30 06:32:16', 'login'),
(60, 122, 'ok7ddokvempub3uef9c8gsh9m2', '2021-09-30 06:54:21', 'login'),
(61, 122, 'sgvipunbhi282ski73bsfk8qsv', '2021-10-01 06:37:31', 'login'),
(62, 122, '9couaapsljtqt0rrqlj637e2hv', '2021-10-01 07:02:42', 'login'),
(63, 122, '7hr890007bgmrcbuck4eveqk5q', '2021-10-01 07:05:36', 'login'),
(64, 122, 'ag08jr8i6goad03d2vvual357h', '2021-10-02 07:16:46', 'login'),
(65, 122, 'ivcb71b8erqoi99jmvvfs8jnr4', '2021-10-02 07:40:23', 'login'),
(66, 122, 'ivcb71b8erqoi99jmvvfs8jnr4', '2021-10-02 07:43:34', 'logout'),
(67, 122, 'ivcb71b8erqoi99jmvvfs8jnr4', '2021-10-02 07:43:46', 'login'),
(68, 122, 'ivcb71b8erqoi99jmvvfs8jnr4', '2021-10-02 07:44:42', 'logout'),
(69, 122, 'fbs0q16fqd6goi4uot866k5ev9', '2021-10-02 07:48:33', 'login'),
(70, 122, 'duhp5na3u58nhqqhb8v00jfn3a', '2021-10-02 08:23:26', 'login'),
(71, 122, 'mp6ir96ivvt93g2u1j0fno43i4', '2021-10-02 08:41:32', 'login'),
(72, 122, 'mp6ir96ivvt93g2u1j0fno43i4', '2021-10-02 08:44:19', 'logout'),
(73, 122, 'gclg19q58gfr22qnc3h706j4d7', '2021-10-05 05:31:42', 'login'),
(74, 122, 'nvsric6lnnn5vrq6ouu15plqc3', '2021-10-06 04:35:26', 'login'),
(75, 122, 'nvsric6lnnn5vrq6ouu15plqc3', '2021-10-06 08:32:45', 'login'),
(76, 122, 'nvsric6lnnn5vrq6ouu15plqc3', '2021-10-06 08:34:23', 'login'),
(77, 122, 'nvsric6lnnn5vrq6ouu15plqc3', '2021-10-06 08:35:51', 'login'),
(78, 122, '40cnig58jh24smpumbbdpffkk2', '2021-10-08 05:57:38', 'login'),
(79, 122, 'pns69r166ajck4i27j3npt3nqj', '2021-10-09 05:21:41', 'login'),
(80, 122, 'i4qv6pef4uhomf9e4a1igvcn47', '2021-10-09 06:48:33', 'login'),
(81, 122, '8u506rii4j40c351i401omfekl', '2021-10-09 08:33:43', 'login'),
(82, 122, '7pp28t7shs56macb48sl3foj7g', '2021-10-09 08:47:32', 'login'),
(83, 122, 'f2br0uqs18qv9ue0e2vmbmra4g', '2021-10-09 08:57:47', 'login'),
(84, 122, 'kh96tj3djv47k89f8mhl8o6cog', '2021-10-11 06:55:49', 'login'),
(85, 122, 'etbkj4bpufa31cilf2bggoupsl', '2021-10-12 04:21:11', 'login'),
(86, 122, '6e0j8v628v08g2bfr9sb09qb4r', '2021-10-12 07:14:26', 'login'),
(87, 122, '6e0j8v628v08g2bfr9sb09qb4r', '2021-10-13 05:28:04', 'login'),
(88, 122, '6e0j8v628v08g2bfr9sb09qb4r', '2021-10-15 04:18:04', 'login'),
(89, 122, '6e0j8v628v08g2bfr9sb09qb4r', '2021-10-16 05:24:04', 'login'),
(90, 122, 'pieao8svd3er8362vurcs7r3s6', '2021-10-20 04:22:34', 'login'),
(91, 122, 'b6fvhtv3afbum5aabil9fkleo7', '2021-10-20 10:58:36', 'login'),
(92, 122, '5tlet1daregq040ehnc4ikpr6f', '2021-10-21 08:35:08', 'login'),
(93, 122, '5tlet1daregq040ehnc4ikpr6f', '2021-10-21 08:43:54', 'login'),
(94, 122, '8pdvgjprm40c83m6g9p5uc8i90', '2021-10-22 08:39:51', 'login'),
(95, 122, '8pdvgjprm40c83m6g9p5uc8i90', '2021-10-23 07:44:09', 'login'),
(96, 122, '8pdvgjprm40c83m6g9p5uc8i90', '2021-10-23 07:46:52', 'login'),
(97, 122, '8pdvgjprm40c83m6g9p5uc8i90', '2021-10-25 07:36:53', 'login'),
(98, 122, '8pdvgjprm40c83m6g9p5uc8i90', '2021-10-25 08:31:20', 'login'),
(99, 122, '8pdvgjprm40c83m6g9p5uc8i90', '2021-10-26 10:36:32', 'login'),
(100, 122, '8pdvgjprm40c83m6g9p5uc8i90', '2021-10-27 06:13:00', 'login'),
(101, 122, '8pdvgjprm40c83m6g9p5uc8i90', '2021-10-29 04:25:18', 'login'),
(102, 122, 'u0j60a5aaao0m2d980ba8ut721', '2021-10-29 11:37:55', 'login'),
(103, 122, '0a7ulimnp72c0r6pa2j5svk175', '2021-11-01 06:58:26', 'login'),
(104, 122, '2lagdl4k65v37o75qoh0ine0l6', '2021-11-01 07:07:22', 'login'),
(105, 122, 'j8c9na1gnhndtdfp129qt3rp4g', '2021-11-01 07:08:23', 'login'),
(106, 122, 'nfdvtdgfds97p6e788sd1rg6vl', '2021-11-01 07:10:02', 'login'),
(107, 122, '6bfma423bodvqj6o9oht5j3lbc', '2021-11-01 07:18:33', 'login'),
(108, 122, 'eccmpuaf69957kqik6cl54jjfr', '2021-11-01 07:24:25', 'login'),
(109, 122, 'dsvldg7namvd76hu1rvp65o15n', '2021-11-01 07:42:50', 'login'),
(110, 122, 'sn9lm6mvon671o3on6o79o3s8j', '2021-11-01 07:47:54', 'login'),
(111, 122, 'cj7v8p73vmk01utb1p0d6pi9gt', '2021-11-01 07:49:29', 'login'),
(112, 122, 'cj7v8p73vmk01utb1p0d6pi9gt', '2021-11-01 09:28:45', 'login'),
(113, 122, 'cj7v8p73vmk01utb1p0d6pi9gt', '2021-11-03 06:11:28', 'login'),
(114, 122, '11hccu5rgq927bvj71ahepkrsv', '2021-11-04 07:03:24', 'login'),
(115, 122, 'olvv4dddav99n7303sp94e6iq6', '2021-11-06 04:56:21', 'login'),
(116, 122, '33dh2uo3nu3mch579e7piuln9c', '2021-11-06 04:59:01', 'login'),
(117, 122, 'pntlm8753jhqn7ke12l5s7euie', '2021-11-06 05:34:04', 'login'),
(118, 122, 'ofh6nmcv1rq3o4f288p86tc2eg', '2021-11-08 04:40:56', 'login'),
(119, 122, 'ag9vl39g2iuqccq21mpdsj77pj', '2021-11-13 05:01:57', 'login'),
(120, 122, 'u43r7uer8etlesgn4bpli1k3et', '2021-11-16 04:56:27', 'login'),
(121, 122, 'p544q89jq64v9co9sb582hana8', '2021-11-16 04:59:27', 'login'),
(122, 122, 'irk03hc2efg6l818oimdr54uc0', '2021-11-16 05:17:26', 'login'),
(123, 122, 'br665s7dr2c07h6b0j7khtvjfm', '2021-11-16 07:03:20', 'login'),
(124, 122, '2lqe2i973htaf8edatda56ngeo', '2021-11-17 05:13:25', 'login'),
(125, 122, '9q6e8bj1cd1s88h8i3q76u0q8d', '2021-11-17 05:29:06', 'login'),
(126, 122, 'emoh47g8qm5mo577uig3epnssv', '2021-11-18 05:48:44', 'login'),
(127, 122, 'kkna755r5ub99v72u84fji302q', '2021-11-18 06:59:50', 'login'),
(128, 122, 'o2h9hmds3pcq80bafqachenlt8', '2021-11-18 07:20:54', 'login'),
(129, 122, '68rakc7uen3i83ovehitij3l53', '2021-11-18 07:32:56', 'login'),
(130, 122, 'nr9tkq2chapmk2pg2aqf9red00', '2021-11-19 07:41:48', 'login'),
(131, 122, 'nr9tkq2chapmk2pg2aqf9red00', '2021-11-20 05:44:24', 'login'),
(132, 122, 'npsf7v78j37vc8htnevpdfkelp', '2021-11-20 10:31:14', 'login'),
(133, 122, '6ckqvci2017jsm9sldenjv4t7e', '2021-11-22 09:23:58', 'login'),
(134, 122, '95b2gnpm7rbkafsnjss133irs6', '2021-11-23 07:43:59', 'login'),
(135, 122, 'ero5905eucmj3f4vjg6kv8skse', '2021-11-24 09:16:26', 'login'),
(136, 122, 's5osss6cdbiknhisajlsplcqcq', '2021-11-25 04:17:02', 'login'),
(137, 122, 'ojbu42eeogo8qatcog2uothvdk', '2021-11-26 04:07:02', 'login'),
(138, 122, 'iu20ubvrf6sbeg113t6sea4fti', '2021-11-26 04:21:36', 'login'),
(139, 122, '51jvmpgbhal9j7lre8uo4ghmcr', '2021-11-29 08:25:18', 'login'),
(140, 122, 'f40v0br7v86blsvo10em9qd187', '2021-12-13 11:05:34', 'login'),
(141, 122, '9g2au2j2riehkauuacp7gmgarb', '2021-12-13 11:11:48', 'login'),
(142, 122, 'jmi44lioo5818d70s589njn4jc', '2021-12-13 11:37:37', 'login'),
(143, 122, 'bsev9brf4lnqce88rkbojgefr7', '2021-12-15 08:36:58', 'login'),
(144, 122, '5l9qu8dh1hn22nooai5s45s5dj', '2021-12-16 06:15:47', 'login'),
(145, 122, 'vvadkd8ia88i4u0rklf9ak7qjn', '2021-12-16 07:05:07', 'login'),
(146, 122, '381u7tcq2iv4nu83s55bmuj2to', '2021-12-18 08:41:23', 'login'),
(147, 122, 'hlj2gnof84fl23os81mpiopj6u', '2021-12-20 04:57:45', 'login'),
(148, 122, 'ic5pcblqi7ulomoqval0u046ad', '2021-12-20 08:32:35', 'login'),
(149, 122, 'bsd7bp97rqlcmp8enekb994rt6', '2021-12-27 06:05:58', 'login'),
(150, 122, '0chaa09fb860a8lb0imd6h7ot3', '2021-12-27 08:30:10', 'login'),
(151, 122, 'e65i9nptkf5741r9qik6njs3ru', '2021-12-30 05:48:25', 'login'),
(152, 122, 'e65i9nptkf5741r9qik6njs3ru', '2021-12-30 05:48:26', 'login'),
(153, 122, 'r1gqmfica8bkl2dhdoj68obusi', '2021-12-31 05:04:00', 'login'),
(154, 122, '96058f9drqhufiocnp90uv7eop', '2022-01-01 06:26:27', 'login'),
(155, 122, '7bp4c00qj7nb1uctsmuf3i5cqi', '2022-01-03 05:35:02', 'login'),
(156, 122, '7bp4c00qj7nb1uctsmuf3i5cqi', '2022-01-03 05:35:14', 'login'),
(157, 122, 'bmc60odk6mfnaha1aao6finohv', '2022-01-04 05:13:14', 'login'),
(158, 122, '29mldp1jb2rut0gaq1dbqekqbp', '2022-01-07 05:22:18', 'login'),
(159, 122, 'of37rdr1m9jj3ce1ukbsuqa261', '2022-01-07 05:24:04', 'login'),
(160, 122, 'ts6bfrr343kue86esdirpkl3t0', '2022-01-10 05:56:03', 'login'),
(161, 122, '9c14skp5vvnkt3dipe5h7uuat9', '2022-01-26 06:31:49', 'login'),
(162, 122, 'fi0i6kmou0v0h34fneb9gtshiu', '2022-05-14 05:17:20', 'login'),
(163, 122, '5gaoh0ag531a18sa6j295bfbfn', '2022-05-14 06:33:58', 'login'),
(164, 122, 'ibmde1t860b72oini6f7rcc32f', '2022-05-17 04:17:04', 'login'),
(165, 122, 'oec5ei07v23ss985rkd72mln68', '2022-05-19 06:28:01', 'login'),
(166, 122, 'c9ru2q1jn597md5rgbj90rnkrt', '2022-05-19 08:54:28', 'login'),
(167, 122, 'ai7shooh19st0foqfftash4mn7', '2022-05-20 06:47:26', 'login'),
(168, 122, 'f9jkl84811e564acd6th7vmgm8', '2022-12-02 05:37:20', 'login'),
(169, 122, 'f9jkl84811e564acd6th7vmgm8', '2022-12-02 05:43:10', 'logout'),
(170, 100, 'f9jkl84811e564acd6th7vmgm8', '2022-12-02 05:43:31', 'login'),
(171, 100, '0j7f9qbfhn0807u9q4jd4vp1k8', '2022-12-23 08:08:48', 'login'),
(172, 100, '649ui4un624hkdsk6an6d92dlj', '2022-12-27 04:56:17', 'login'),
(173, 100, 'p5qbn1dha49kgku2lbo7g2ubvo', '2022-12-27 06:18:12', 'login'),
(174, 100, 'p5qbn1dha49kgku2lbo7g2ubvo', '2022-12-27 06:29:25', 'logout'),
(175, 122, 'p5qbn1dha49kgku2lbo7g2ubvo', '2022-12-27 06:29:31', 'login'),
(176, 122, 'vocanhgbg3adaapkf1crkps3pv', '2022-12-29 06:30:56', 'login'),
(177, 122, '5bk3kbajkom2dtmm5ujd7fq7mu', '2022-12-30 05:36:19', 'login'),
(178, 122, '4rtfe9h6j33rjg9d9oe3hnqkqo', '2022-12-30 08:52:02', 'login'),
(179, 122, 'ds9l9a2rti8138h1hc8av1j073', '2022-12-31 05:07:53', 'login'),
(180, 122, '3osj4fa21un5n7dq1d5nvt1u7n', '2023-01-02 07:29:54', 'login'),
(181, 122, '3osj4fa21un5n7dq1d5nvt1u7n', '2023-01-02 10:38:19', 'login'),
(182, 122, 'qr01f29eefvduh59nhdqeb23mv', '2023-01-17 11:24:49', 'login'),
(183, 100, 'f92j3qbkqngmqb06gsb8mjihkl', '2023-01-18 05:23:31', 'login'),
(184, 122, 'l5548fstknnks9ce8o3h3kr2jg', '2023-01-19 05:35:02', 'login'),
(185, 100, 'u0i0b3ad51jb43h8n5a4sr8j4b', '2023-01-20 05:33:05', 'login'),
(186, 100, 'u0i0b3ad51jb43h8n5a4sr8j4b', '2023-01-20 05:33:14', 'logout'),
(187, 122, 'u0i0b3ad51jb43h8n5a4sr8j4b', '2023-01-20 05:33:19', 'login'),
(188, 122, 'u0i0b3ad51jb43h8n5a4sr8j4b', '2023-01-20 10:06:04', 'logout'),
(189, 100, 'u0i0b3ad51jb43h8n5a4sr8j4b', '2023-01-20 10:06:12', 'login'),
(190, 100, 'u0i0b3ad51jb43h8n5a4sr8j4b', '2023-01-20 10:07:04', 'logout'),
(191, 122, 'u0i0b3ad51jb43h8n5a4sr8j4b', '2023-01-20 10:07:08', 'login'),
(192, 122, '6pql3h40a9hrsor38d4peaek20', '2023-01-21 04:52:38', 'login'),
(193, 122, '6pql3h40a9hrsor38d4peaek20', '2023-01-21 05:30:49', 'logout'),
(194, 100, '6pql3h40a9hrsor38d4peaek20', '2023-01-21 05:31:00', 'login'),
(195, 100, '6pql3h40a9hrsor38d4peaek20', '2023-01-21 05:36:14', 'logout'),
(196, 122, '6pql3h40a9hrsor38d4peaek20', '2023-01-21 05:36:23', 'login'),
(197, 122, 'st86q5ic9f6d6piuuhl0dtj582', '2023-01-23 05:34:37', 'login'),
(198, 122, 'st86q5ic9f6d6piuuhl0dtj582', '2023-01-23 06:37:23', 'logout'),
(199, 100, 'st86q5ic9f6d6piuuhl0dtj582', '2023-01-23 06:37:29', 'login'),
(200, 100, 'st86q5ic9f6d6piuuhl0dtj582', '2023-01-23 06:38:23', 'logout'),
(201, 122, 'st86q5ic9f6d6piuuhl0dtj582', '2023-01-23 06:38:29', 'login'),
(202, 122, 'st86q5ic9f6d6piuuhl0dtj582', '2023-01-23 08:23:56', 'logout'),
(203, 100, 'st86q5ic9f6d6piuuhl0dtj582', '2023-01-23 08:24:05', 'login'),
(204, 100, 'st86q5ic9f6d6piuuhl0dtj582', '2023-01-23 08:24:14', 'logout'),
(205, 122, 'st86q5ic9f6d6piuuhl0dtj582', '2023-01-23 08:24:25', 'login'),
(206, 122, 'rgdr0rno2srop9dcp0nr1ghsh4', '2023-01-24 05:25:38', 'login'),
(207, 122, 'rgdr0rno2srop9dcp0nr1ghsh4', '2023-01-24 05:28:13', 'logout'),
(208, 122, 'rgdr0rno2srop9dcp0nr1ghsh4', '2023-01-24 05:28:28', 'login'),
(209, 122, 'rgdr0rno2srop9dcp0nr1ghsh4', '2023-01-24 10:21:13', 'logout'),
(210, 100, 'rgdr0rno2srop9dcp0nr1ghsh4', '2023-01-24 10:21:21', 'login'),
(211, 100, 'rgdr0rno2srop9dcp0nr1ghsh4', '2023-01-24 10:40:46', 'logout'),
(212, 100, 'rgdr0rno2srop9dcp0nr1ghsh4', '2023-01-24 10:41:00', 'login'),
(213, 100, 'rgdr0rno2srop9dcp0nr1ghsh4', '2023-01-24 10:44:21', 'logout'),
(214, 122, 'rgdr0rno2srop9dcp0nr1ghsh4', '2023-01-24 10:44:26', 'login'),
(215, 122, 'rgdr0rno2srop9dcp0nr1ghsh4', '2023-01-24 10:45:22', 'logout'),
(216, 122, 'rgdr0rno2srop9dcp0nr1ghsh4', '2023-01-24 10:45:29', 'login'),
(217, 122, 'rgdr0rno2srop9dcp0nr1ghsh4', '2023-01-24 10:48:08', 'logout'),
(218, 122, 'rgdr0rno2srop9dcp0nr1ghsh4', '2023-01-24 10:48:15', 'login'),
(219, 122, 'q1io14con0lgm5a4f3mjf9aatk', '2023-01-26 05:33:04', 'login'),
(220, 122, 'q1io14con0lgm5a4f3mjf9aatk', '2023-01-26 05:47:19', 'logout'),
(221, 100, 'q1io14con0lgm5a4f3mjf9aatk', '2023-01-26 05:47:42', 'login'),
(222, 100, 'q1io14con0lgm5a4f3mjf9aatk', '2023-01-26 05:52:28', 'logout'),
(223, 124, 'q1io14con0lgm5a4f3mjf9aatk', '2023-01-26 05:52:36', 'login'),
(224, 124, 'q1io14con0lgm5a4f3mjf9aatk', '2023-01-26 06:25:13', 'logout'),
(225, 100, 'q1io14con0lgm5a4f3mjf9aatk', '2023-01-26 06:25:21', 'login'),
(226, 100, 'q1io14con0lgm5a4f3mjf9aatk', '2023-01-26 06:27:03', 'logout'),
(227, 125, 'q1io14con0lgm5a4f3mjf9aatk', '2023-01-26 06:27:14', 'login'),
(228, 125, 'q1io14con0lgm5a4f3mjf9aatk', '2023-01-26 06:31:08', 'logout'),
(229, 124, 'q1io14con0lgm5a4f3mjf9aatk', '2023-01-26 06:31:20', 'login'),
(230, 124, 'q1io14con0lgm5a4f3mjf9aatk', '2023-01-26 06:31:24', 'logout');

-- --------------------------------------------------------

--
-- Table structure for table `users`
--

CREATE TABLE `users` (
  `idusers` int(100) NOT NULL,
  `username` varchar(200) NOT NULL,
  `password` varchar(200) NOT NULL,
  `creationdate` timestamp NOT NULL DEFAULT current_timestamp(),
  `idusertype` int(200) NOT NULL,
  `status` varchar(200) NOT NULL,
  `idschool` int(200) NOT NULL,
  `idstaff` int(200) NOT NULL
) ENGINE=InnoDB DEFAULT CHARSET=utf8mb4;

--
-- Dumping data for table `users`
--

INSERT INTO `users` (`idusers`, `username`, `password`, `creationdate`, `idusertype`, `status`, `idschool`, `idstaff`) VALUES
(100, 'admin', 'admin', '2021-02-15 06:27:09', 1, 'active', 1, 1),
(122, 'ali', 'ali', '2021-09-09 09:36:58', 2, 'active', 2, 2),
(124, 'PCTW716', '7973210', '2023-01-26 05:51:58', 2, 'active', 2, 11),
(125, 'PCTW193', '123456789', '2023-01-26 06:26:08', 2, 'active', 2, 12);

-- --------------------------------------------------------

--
-- Table structure for table `usershistory`
--

CREATE TABLE `usershistory` (
  `id` int(11) NOT NULL,
  `idusers` int(200) NOT NULL,
  `activation` date NOT NULL,
  `deactivation` date NOT NULL,
  `lastlogin` date NOT NULL
) ENGINE=InnoDB DEFAULT CHARSET=utf8mb4;

--
-- Dumping data for table `usershistory`
--

INSERT INTO `usershistory` (`id`, `idusers`, `activation`, `deactivation`, `lastlogin`) VALUES
(1, 2, '2021-02-15', '0000-00-00', '2021-02-15');

-- --------------------------------------------------------

--
-- Table structure for table `usertypes`
--

CREATE TABLE `usertypes` (
  `id` int(11) NOT NULL,
  `name` varchar(200) NOT NULL
) ENGINE=InnoDB DEFAULT CHARSET=utf8mb4;

--
-- Dumping data for table `usertypes`
--

INSERT INTO `usertypes` (`id`, `name`) VALUES
(1, 'ADMINISTRATOR'),
(2, 'Admin'),
(3, 'Deo');

-- --------------------------------------------------------

--
-- Table structure for table `vouchers`
--

CREATE TABLE `vouchers` (
  `id` int(11) NOT NULL,
  `vouchernumber` varchar(100) NOT NULL,
  `admission` int(11) NOT NULL,
  `prospectus` int(11) NOT NULL,
  `pickndrop` int(11) NOT NULL,
  `total` int(11) NOT NULL COMMENT 'without discount',
  `discount` int(11) NOT NULL,
  `grand_total` int(11) NOT NULL COMMENT 'after discount',
  `idstudent` int(11) NOT NULL,
  `idcourse` int(11) DEFAULT NULL,
  `idschool` tinyint(4) NOT NULL,
  `iduser` int(11) NOT NULL,
  `status` tinyint(1) NOT NULL DEFAULT 0,
  `created_at` datetime NOT NULL DEFAULT current_timestamp(),
  `updated_at` datetime DEFAULT NULL ON UPDATE current_timestamp()
) ENGINE=InnoDB DEFAULT CHARSET=utf8mb4;

--
-- Indexes for dumped tables
--

--
-- Indexes for table `admissions`
--
ALTER TABLE `admissions`
  ADD PRIMARY KEY (`id`);

--
-- Indexes for table `banks`
--
ALTER TABLE `banks`
  ADD PRIMARY KEY (`id`);

--
-- Indexes for table `blood`
--
ALTER TABLE `blood`
  ADD PRIMARY KEY (`id`);

--
-- Indexes for table `courses`
--
ALTER TABLE `courses`
  ADD PRIMARY KEY (`id`);

--
-- Indexes for table `expenses`
--
ALTER TABLE `expenses`
  ADD PRIMARY KEY (`id`);

--
-- Indexes for table `expensetypes`
--
ALTER TABLE `expensetypes`
  ADD PRIMARY KEY (`id`);

--
-- Indexes for table `fee`
--
ALTER TABLE `fee`
  ADD PRIMARY KEY (`id`);

--
-- Indexes for table `fee_payments`
--
ALTER TABLE `fee_payments`
  ADD PRIMARY KEY (`id`);

--
-- Indexes for table `gender`
--
ALTER TABLE `gender`
  ADD PRIMARY KEY (`id`);

--
-- Indexes for table `schools`
--
ALTER TABLE `schools`
  ADD PRIMARY KEY (`id`);

--
-- Indexes for table `staff`
--
ALTER TABLE `staff`
  ADD PRIMARY KEY (`id`);

--
-- Indexes for table `students`
--
ALTER TABLE `students`
  ADD PRIMARY KEY (`id`);

--
-- Indexes for table `students_old`
--
ALTER TABLE `students_old`
  ADD PRIMARY KEY (`id`);

--
-- Indexes for table `typestaff`
--
ALTER TABLE `typestaff`
  ADD PRIMARY KEY (`id`);

--
-- Indexes for table `userlog`
--
ALTER TABLE `userlog`
  ADD PRIMARY KEY (`id`);

--
-- Indexes for table `users`
--
ALTER TABLE `users`
  ADD PRIMARY KEY (`idusers`);

--
-- Indexes for table `usershistory`
--
ALTER TABLE `usershistory`
  ADD PRIMARY KEY (`id`);

--
-- Indexes for table `usertypes`
--
ALTER TABLE `usertypes`
  ADD PRIMARY KEY (`id`);

--
-- Indexes for table `vouchers`
--
ALTER TABLE `vouchers`
  ADD PRIMARY KEY (`id`);

--
-- AUTO_INCREMENT for dumped tables
--

--
-- AUTO_INCREMENT for table `admissions`
--
ALTER TABLE `admissions`
  MODIFY `id` int(11) NOT NULL AUTO_INCREMENT;

--
-- AUTO_INCREMENT for table `banks`
--
ALTER TABLE `banks`
  MODIFY `id` int(11) NOT NULL AUTO_INCREMENT, AUTO_INCREMENT=10;

--
-- AUTO_INCREMENT for table `blood`
--
ALTER TABLE `blood`
  MODIFY `id` int(11) NOT NULL AUTO_INCREMENT, AUTO_INCREMENT=9;

--
-- AUTO_INCREMENT for table `courses`
--
ALTER TABLE `courses`
  MODIFY `id` int(11) NOT NULL AUTO_INCREMENT, AUTO_INCREMENT=5;

--
-- AUTO_INCREMENT for table `expenses`
--
ALTER TABLE `expenses`
  MODIFY `id` int(11) NOT NULL AUTO_INCREMENT;

--
-- AUTO_INCREMENT for table `expensetypes`
--
ALTER TABLE `expensetypes`
  MODIFY `id` int(11) NOT NULL AUTO_INCREMENT, AUTO_INCREMENT=7;

--
-- AUTO_INCREMENT for table `fee`
--
ALTER TABLE `fee`
  MODIFY `id` int(200) NOT NULL AUTO_INCREMENT, AUTO_INCREMENT=635;

--
-- AUTO_INCREMENT for table `fee_payments`
--
ALTER TABLE `fee_payments`
  MODIFY `id` int(11) NOT NULL AUTO_INCREMENT;

--
-- AUTO_INCREMENT for table `gender`
--
ALTER TABLE `gender`
  MODIFY `id` int(11) NOT NULL AUTO_INCREMENT, AUTO_INCREMENT=4;

--
-- AUTO_INCREMENT for table `schools`
--
ALTER TABLE `schools`
  MODIFY `id` int(11) NOT NULL AUTO_INCREMENT, AUTO_INCREMENT=11;

--
-- AUTO_INCREMENT for table `staff`
--
ALTER TABLE `staff`
  MODIFY `id` int(11) NOT NULL AUTO_INCREMENT, AUTO_INCREMENT=13;

--
-- AUTO_INCREMENT for table `students`
--
ALTER TABLE `students`
  MODIFY `id` int(11) NOT NULL AUTO_INCREMENT;

--
-- AUTO_INCREMENT for table `students_old`
--
ALTER TABLE `students_old`
  MODIFY `id` int(11) NOT NULL AUTO_INCREMENT;

--
-- AUTO_INCREMENT for table `typestaff`
--
ALTER TABLE `typestaff`
  MODIFY `id` int(11) NOT NULL AUTO_INCREMENT, AUTO_INCREMENT=12;

--
-- AUTO_INCREMENT for table `userlog`
--
ALTER TABLE `userlog`
  MODIFY `id` int(200) NOT NULL AUTO_INCREMENT, AUTO_INCREMENT=231;

--
-- AUTO_INCREMENT for table `users`
--
ALTER TABLE `users`
  MODIFY `idusers` int(100) NOT NULL AUTO_INCREMENT, AUTO_INCREMENT=126;

--
-- AUTO_INCREMENT for table `usershistory`
--
ALTER TABLE `usershistory`
  MODIFY `id` int(11) NOT NULL AUTO_INCREMENT, AUTO_INCREMENT=2;

--
-- AUTO_INCREMENT for table `usertypes`
--
ALTER TABLE `usertypes`
  MODIFY `id` int(11) NOT NULL AUTO_INCREMENT, AUTO_INCREMENT=4;

--
-- AUTO_INCREMENT for table `vouchers`
--
ALTER TABLE `vouchers`
  MODIFY `id` int(11) NOT NULL AUTO_INCREMENT;
COMMIT;

/*!40101 SET CHARACTER_SET_CLIENT=@OLD_CHARACTER_SET_CLIENT */;
/*!40101 SET CHARACTER_SET_RESULTS=@OLD_CHARACTER_SET_RESULTS */;
/*!40101 SET COLLATION_CONNECTION=@OLD_COLLATION_CONNECTION */;
